{"cameraMode":{"drawMode":0,"name":"Shaded","section":"Shading Mode"},"sceneLighting":false,"audioPlay":false,"sceneViewState":{"m_AlwaysRefresh":false,"showFog":true,"showSkybox":false,"showFlares":true,"showImageEffects":true,"showParticleSystems":true,"showVisualEffectGraphs":true,"m_FxEnabled":true},"in2DMode":false,"pivot":{"x":91.89855194091797,"y":1.2773535251617432,"z":-66.6148452758789},"rotation":{"x":0.11809738725423813,"y":-0.6632328033447266,"z":0.10682551562786102,"w":0.7314963936805725},"size":0.018393315374851228,"orthographic":false}