{"cameraMode":{"drawMode":0,"name":"Shaded","section":"Shading Mode"},"sceneLighting":false,"audioPlay":false,"sceneViewState":{"m_AlwaysRefresh":false,"showFog":true,"showSkybox":false,"showFlares":true,"showImageEffects":true,"showParticleSystems":true,"showVisualEffectGraphs":true,"m_FxEnabled":true},"in2DMode":false,"pivot":{"x":50.68708801269531,"y":11.558524131774903,"z":15.36540412902832},"rotation":{"x":-0.26614299416542055,"y":-0.017869414761662484,"z":0.005297243595123291,"w":-0.9639232754707336},"size":0.01732696406543255,"orthographic":false}