{"cameraMode":{"drawMode":0,"name":"Shaded","section":"Shading Mode"},"sceneLighting":false,"audioPlay":false,"sceneViewState":{"m_AlwaysRefresh":false,"showFog":true,"showSkybox":false,"showFlares":true,"showImageEffects":true,"showParticleSystems":true,"showVisualEffectGraphs":true,"m_FxEnabled":true},"in2DMode":false,"pivot":{"x":0.003864288330078125,"y":4.079141616821289,"z":-0.000005245208740234375},"rotation":{"x":-0.1612672358751297,"y":-0.7616123557090759,"z":0.21006369590759278,"w":-0.5921949148178101},"size":4.698270320892334,"orthographic":false}