{"cameraMode":{"drawMode":0,"name":"Shaded","section":"Shading Mode"},"sceneLighting":false,"audioPlay":false,"sceneViewState":{"m_AlwaysRefresh":false,"showFog":true,"showSkybox":false,"showFlares":true,"showImageEffects":true,"showParticleSystems":true,"showVisualEffectGraphs":true,"m_FxEnabled":true},"in2DMode":false,"pivot":{"x":0.48928356170654299,"y":3.1420702934265138,"z":-0.11955046653747559},"rotation":{"x":0.15026409924030305,"y":0.5828708410263062,"z":-0.1119072288274765,"w":0.7911288738250732},"size":3.7727181911468508,"orthographic":false}