{"cameraMode":{"drawMode":0,"name":"Shaded","section":"Shading Mode"},"sceneLighting":false,"audioPlay":false,"sceneViewState":{"m_AlwaysRefresh":false,"showFog":true,"showSkybox":false,"showFlares":true,"showImageEffects":true,"showParticleSystems":true,"showVisualEffectGraphs":true,"m_FxEnabled":true},"in2DMode":false,"pivot":{"x":0.5734526515007019,"y":-0.04959644377231598,"z":-0.40774622559547427},"rotation":{"x":-0.06154360622167587,"y":0.7025077939033508,"z":0.06011096015572548,"w":0.7069728374481201},"size":1.9348009824752808,"orthographic":false}