{"cameraMode":{"drawMode":0,"name":"Shaded","section":"Shading Mode"},"sceneLighting":false,"audioPlay":false,"sceneViewState":{"m_AlwaysRefresh":false,"showFog":true,"showSkybox":false,"showFlares":true,"showImageEffects":true,"showParticleSystems":true,"showVisualEffectGraphs":true,"m_FxEnabled":true},"in2DMode":false,"pivot":{"x":0.2185683250427246,"y":1.0506362915039063,"z":-0.11934757232666016},"rotation":{"x":-0.04448463395237923,"y":-0.6869446635246277,"z":0.04375288262963295,"w":-0.7246009111404419},"size":6.9070611000061039,"orthographic":false}