{"cameraMode":{"drawMode":0,"name":"Shaded","section":"Shading Mode"},"sceneLighting":false,"audioPlay":false,"sceneViewState":{"m_AlwaysRefresh":false,"showFog":true,"showSkybox":false,"showFlares":true,"showImageEffects":true,"showParticleSystems":true,"showVisualEffectGraphs":true,"m_FxEnabled":true},"in2DMode":false,"pivot":{"x":4.897543430328369,"y":19.928918838500978,"z":-70.69671630859375},"rotation":{"x":0.00066890858579427,"y":-0.9916226863861084,"z":0.12954097986221314,"w":0.0050750793889164928},"size":18.924978256225587,"orthographic":false}