{"cameraMode":{"drawMode":0,"name":"Shaded","section":"Shading Mode"},"sceneLighting":false,"audioPlay":false,"sceneViewState":{"m_AlwaysRefresh":false,"showFog":true,"showSkybox":false,"showFlares":true,"showImageEffects":true,"showParticleSystems":true,"showVisualEffectGraphs":true,"m_FxEnabled":true},"in2DMode":false,"pivot":{"x":50.66593551635742,"y":11.494110107421875,"z":14.20969009399414},"rotation":{"x":-0.26614299416542055,"y":-0.017869414761662484,"z":0.005297243595123291,"w":-0.9639232754707336},"size":0.017319804057478906,"orthographic":false}