{"cameraMode":{"drawMode":0,"name":"Shaded","section":"Shading Mode"},"sceneLighting":false,"audioPlay":false,"sceneViewState":{"m_AlwaysRefresh":false,"showFog":true,"showSkybox":false,"showFlares":true,"showImageEffects":true,"showParticleSystems":true,"showVisualEffectGraphs":true,"m_FxEnabled":true},"in2DMode":false,"pivot":{"x":0.1893324851989746,"y":3.216562509536743,"z":1.291715145111084},"rotation":{"x":-0.09068331867456436,"y":-0.04003244638442993,"z":0.005094149149954319,"w":-0.9955029487609863},"size":5.694594860076904,"orthographic":false}